id,TAGS (comma separated)
afbb1d9b-f6aa-410c-a0b1-dd48175757f5,"free browsing, travelling workshop, resistance,courage,totalitarianism,daily life,inequality,economy,dictatorship,food,family,politicisation,freedom,fairness,anger"
592dfd00-f7c2-45d3-9a2a-8d28e11b87ff,"free browsing, migration, transition, family, daily life, choice, feelings, memories, belonging"
ccff8ffc-6565-4d35-bd48-f433dfcb649b,"free browsing, migration, transition, culture, family, daily life, choice, feelings, memories, belonging"
b4f0f4bf-215a-4256-b20f-a2c26fa2ab70,"free browsing, memories, childhood, family, system, communism, dictatorship, travel, abroad, feelings, politicisation, propaganda, education"
e03d2370-198c-4998-8ad4-b7d33f47f59e,"free browsing, childhood, family, feelings, society, daily life, joy, abroad, safety, money, economy, memories, solidarity"
2c9dc575-8c57-4ad1-8bcf-91f62e81cacf,"free browsing, transition, migration, belonging, work, feelings, society, culture"
83494449-2ff2-4613-b911-4f1f0db19c6a,"free browsing, dictatorship, communism, system, censorship, daily life, family, resistance, politicisation, freedom, belonging, society, fear, expectations, childhood, youth"
1970ef25-db8c-431f-ad87-be9bcd191001,"free browsing, system, society, politicisation, disappointment, dictatorship, responsibility"
66d4c75c-85ce-44f1-8327-44a508289208,"free browsing, democracy, system, dictatorship, socialism, equality, social security, ideals, society, migration, fairness"
0ea999a1-4e58-405b-9f66-4fec9df6ca24,"free browsing, travelling workshop, system, democracy, capitalism, society, communism, economy, money, social security"
7c2ca0d8-972a-484b-88f8-5b1f835b4e08,"free browsing, travelling workshop, youth, system, participation, education, freedom, abroad"
b7776277-9a61-48e6-88b4-c97dd50b8667,"free browsing, travelling workshop, democracy, freedom, equality, society, participation, social security, fairness"
acfc5f18-fff1-464e-80c7-aa9dd840a55e,"free browsing, resistance, courage, totalitarianism, daily life, inequality, economy, dictatorship, food, family, politicisation, freedom, fairness"
89b93867-70db-45ba-9866-5122e596593e,"free browsing, system, transition, leaders, resistance, courage, inequality, democracy, fairness, participation, choice"
ef4b3bb7-c9a9-44ba-af37-12f55efebc61,"free browsing, education, system, history, propaganda, dictatorship, totalitarianism, childhood, safety, communism"
f5ff8387-a326-43c1-bedd-cf6ece252c0f,"free browsing, family, abroad, propaganda, solidarity, economy, media, daily life, culture"
95d4e1dd-e6fb-4ce6-9b3e-25ead176bc42,"free browsing, leaders, dictatorship, system, equality, economy, expectations, society, social security, communism, minorities, family, history, communism"
57ad71d5-4e3d-4ba5-acfe-a57bc7d8d7e8,"free browsing, abroad, system, dictatorship, system, democracy, freedom, travel, travelling workshop"
4a53d7f3-0fa2-4367-9a3a-20c4d4c290e2,"free browsing,  migration, belonging, work, dictatorship, democracy, safety, choice, studies"
576edfa3-49be-4027-ad73-80e755e0ebb9,"free browsing, democracy, system, elections, equality, minorities"
008e8d27-71c5-4acf-9131-82bdef768ea7,"free browsing, democracy, system, elections, freedom, media, expectations, travelling workshop"
4eaaf123-3e25-48b4-a4d0-bab5ce7daf68,"free browsing, democracy, dictatorship, daily life, economy, food, work, travelling workshop"
881f17c2-7b82-44e5-8839-e7728c06cfd4,"free browsing, youth, education, democracy, participation, interests, system, responsibility, travelling workshop"
3ccfd944-6033-4fcb-87eb-508ae2e5e1d8,"free browsing, democracy, dictatorship, colonialism, transition, leaders, corruption, values, society, responsibility, freedom, choice, travelling workshop"
4b41624e-3329-407b-8463-b1bc29865a34,"free browsing, colonialism, dictatorship, leaders, childhood, system, education"
79a1d352-a378-4c42-bf0e-6abd3ea10c8d,"free browsing, youth, politicisation, participation, interests, leisure, democracy, system, equality, ideals, responsibility"
0babd4ff-9f83-4699-b2d2-7e239c7098ce,"free browsing, leaders, dictatorship, system, choice, education, freedom"
0d89fe3d-3a5b-4465-aa6d-fb05349aecf5,"free browsing, childhood, colonialism, religion, daily life, family, food, education, work"
336e29be-5fa4-43ce-82cb-9e312f67947f,"free browsing, democracy, dictatorship, freedom, family, prison, ideals, feelings, belonging, choice, values, migration, daily life, repression, travelling workshop"
108a0b8e-e126-44da-8d55-a3b25b6a3986,"free browsing, democracy, freedom, youth, rule of law, society, travelling workshop"
0a5a29aa-9181-4ba7-b64c-152cfa5db4e5,"free browsing, migration, democracy, dictatorship, gender, work, freedom, responsibility, courage, minorities,  travelling workshop"
fcbe68e3-de84-474d-9c1e-3d19e727b363,"free browsing, democracy, dictatorship, family, gender, equality, education, values, choice"
2bd3c535-c721-455a-9942-04ecc7e03572,"free browsing, feelings, freedom, dictatorship, belonging, migration"
82c71507-f3c8-4df0-be5c-a36913171db4,"free browsing, childhood, family, daily life, education, society, feelings, joy, peace, safety, solidarity"
0f869188-7fff-4320-8afa-5425670ae4f6,"free browsing, migration, belonging, feelings, system, society, culture, family"
19125b7e-7a69-4957-9c18-dd44a1a3269d,"free browsing, youth, memories, participation, politicisation, values, solidarity, society, ideals, work, feelings, disappointment, media, prison, travelling workshop"
155cc7bf-44b1-487a-8150-294c50408b76,"free browsing, history, leaders, expectations"
b380e234-089c-4b7f-8e94-092b0938a997,"free browsing, feelings, leaders, transition, resistance, fear, democracy, participation, peace, youth, memories, media"
b67bf2a6-8781-41fb-9785-e80fef42f6e8,"free browsing, transition, memories, youth, education, economy, daily life, society, travel, abroad"
c6c5e0eb-33b6-4cf2-904a-d8a0ff5ea1b5,"free browsing, childhood, family, capitalism, communism, daily life, peace, safety, interests, ideals"
e734993b-54a9-4cad-a3a5-fceae7539a22,"free browsing, childhood, family, daily life, peace, safety, leisure, safety, culture, abroad, interests"
742a140c-ea31-40a2-8dee-fcf737cd6361,"free browsing, childhood, dictatorship, communism, solidarity, abroad, family, memories, equality, feelings, diversity, propaganda, education, system"
6b82828c-9399-4d46-b718-ed0eec9cc569,"free browsing, childhood, democracy, gender, communism, freedom, media, propaganda, dictatorship"
7e35ae82-ab0e-446f-a976-a3718279cf6b,"free browsing, democracy, war, abroad, disappointment, responsibility, feelings, values, responsibility, choice"
d94aa373-861b-44a2-acf3-744e134306b5,"free browsing, war, democracy, disappointment, feelings, values, responsibility, choice, travelling workshop"
e971a7f8-4298-4d93-a744-f0975bf01234,"free browsing, elections, corruption, resistance, family, friends, courage, studies, choice, values, feelings, anger"
5ece6bcf-b927-4338-ba33-3bafd371e94e,"free browsing, childhood, family, daily life, peace, safety, leisure, safety, culture, abroad, interests"
55692e17-bead-4fe4-a35c-63f1de98b652,"free browsing, resistance, politicisation, media, friends, memories, leaders, expectations"
abb17aa8-7eb5-4260-b199-215469890ef0,"free browsing, democracy, transition, feelings, hope, joy"
7200eb68-d0b8-405c-828b-453169df3445,"free browsing, democracy, expectations, transition, disappointment, feelings, values, ideals"
24e57762-c1a4-41e5-8893-944e7398ca72,"free browsing, transition, leaders, democracy, feelings, expecatations, disappointment"
a9912bca-82ea-438d-b0f6-8f80d2385ca2,"free browsing, system, leaders, belonging, expectations, accountability, democracy, clientelism"
dca8fe27-d549-4c1b-b656-a3cee26fecd7,"free browsing, democracy, system, education, youth, travelling workshop"
c2dfb461-9bc4-49ad-b4b6-f14927841aed,"free browsing, democracy, system, values"
84493c1a-daf2-4050-b4ab-d9552f8954c5,"free browsing, leaders, politicisation, participation, system"
0c7ea8db-24b1-4d2b-958c-026374e801f5,"free browsing, education, belonging, memories, nationalism, childhood"
5d0699b3-e099-4df4-a88b-bf7ddc659fb8,"free browsing, youth, participation, democracy, system, ideals, solidarity, travelling workshop"
7e5e5813-e28d-451c-89b0-145e377db5c9,"free browsing, expectations, democracy, social security, economy, society, transition, travelling workshop"
604c79ab-b842-4887-89e6-53c9838d1f0d,"free browsing, expectations, democracy, social security, economy, society, transition, travelling workshop"
83f3d72d-0244-4342-885a-0344135f3da7,"free browsing, system, society, choice, values, travelling workshop"
18c14e40-926b-47fc-9f56-032d6c30af43,"free browsing, memories, communism, youth, culture, food"
0e3ad53e-d2da-4b7d-bf20-b4867810246f,"free browsing, childhood, food, social security, dreams, family, daily life"
5655ccaa-3caa-4371-a2e1-865577cb821b,"free browsing, childhood, belonging, diversity, equality"
9dcd7a09-d7d6-49e9-8d51-c93d9674f902,"free browsing, resistance, media, communism, politicisation, society, humour, leaders"
cc79d35d-1cf4-414c-acd8-d954b5831cb0,"free browsing, war, belonging, nationalism, society"
12c9d4a5-af27-417c-998f-9a03d94f3307,"free browsing, democracy, freedom, human rights, history, system, transition, minorities, media, memory, privacy, travelling workshop"
28793be3-3f24-4278-8e4b-9ff40389b804,"free browsing, elections, transition, war, dictatorship, religion, discrimination, media, childhood, minorities, education"
b1f26616-b633-41b0-92f0-252f0f9ef591,"free browsing, transition, freedom, democracy, minorities, dictatorship, war, daily life"
3bab7685-bf63-4d42-81f3-f6361492e201,"free browsing, war, peace, belonging, society, history, memory, memories, feelings, anger, family, violence"
aeaaf042-f80b-48ee-b35a-92dcc7846a82,"free browsing, childhood, minorities, family, daily life, travel, belonging"
b59b2a9c-a4a1-4881-9dee-57f8b714d490,"free browsing, childhood, war, education"
2230bdb3-2d91-4154-b4fb-5f4e6a9e74a1,"free browsing, travelling workshop, system, democracy, society, values, leaders, expectations, disappointment, feelings, propaganda, solidarity, ideals, accountability"
0ad81f48-4279-45f8-9cd9-43ce13c9fd5a,"free browsing, travelling workshop, economy, human rights, freedom, money, leaders, elections, system, daily life, choice, values, democracy"
7e83f437-c509-4c4b-91fb-3ff43ae2d313,"free browsing, democracy, leaders, system, ideals, expectations, society, freedom, media, capitalism, inequality, participation, choice, transition, feelings"
bf471703-1742-471e-9d7f-6494ed881fdd,"free browsing, expectations, democracy, social security, economy, society, transition, capitalism, system, safety, rule of law, corruption, leaders, inequality, equality, economy"
58c9b31e-b346-4b3f-ae37-95cd76435da8,"free browsing, democracy, feelings, society, values"
a1c61c3e-4b35-4315-b5b8-19709b67625d,"free browsing, leaders, humour, system, resistance"
28ccaa03-06f3-4026-be29-8649fc22e42a,"free browsing, transition, work, family, capitalism, memories, economy, system, money, fairness"
39f1a66f-4fe4-46cd-b184-9ea3978ccf2b,"free browsing, transition, capitalism, economy, money, disappointment, work, society, communism, clientelism, corruption, fairness"
52df875b-e2b3-4848-8af0-2f825024d25f,"free browsing, economy, equality, peace, history, memory, totalitarianism, dictatorship, housing, studies, work, social security, solidarity"
ae1c7fd6-e4a8-48c4-94fc-4f6d85f97827,"free browsing, history, memory, memories, choice"
f34a484e-8d49-4290-8a77-509320c7da11,"free browsing, daily life, equality, childhood, family, system, communism"
15065b8e-b621-4db6-964c-43c999c201d3,"free browsing, communism, daily life, abroad, travel, feelings, system, economy, money, Soviet Union"
f30ab383-094b-4606-bb23-233506217ceb,"free browsing, religion, freedom, totalitarianism, system, communism, society, choice, politicisation"
cacf8eb8-664b-48a3-97fc-76b4be9dbd67,"free browsing, nationalism, migration, belonging"
78414d10-2d60-494e-a65d-4327b056b3ee,"free browsing, memory, youth, system, democracy, education, history, choice"
0410364c-28d4-4bee-8fbf-78e9106f7264,"free browsing,feelings,communism,fairness,solidarity,memory,history,equality,social security,housing,memories,capitalism,system,economy,work,anger"
3ce9a987-cff7-4a7a-ad34-ab8f2419f89b,"free browsing,capitalism,system,social security,safety,rule of law,corruption,leaders,inequality,equality,economy,expectations,anger"
9f0be033-7b6e-4d35-87ab-488c1236b5c9,"free browsing,ideals,socialism,capitalism,studies,totalitarianism,freedom,inequality,leaders,feelings,youth,disappointment "
83eb4737-9c17-4377-8fb9-d1d415ae568c,"free browsing,dreams,youth,history,system,choice,capitalism,ideals,daily life,society"
5c307752-0ece-4e68-b8ec-bc9d962e2c3a,"free browsing, transition, system, socialism, democracy, capitalism, history, society, freedom, economy, social security, ideals, inequality, expectations"
b0f195e8-3a7d-4487-a035-4b03eb73e428,"free browsing, system, socialism, democracy, leaders, elections, totalitarianism"
6aec1087-dae7-42cb-a40e-982c2f4462ee,"free browsing, democracy, leaders, system, ideals, expectations, society"
b3ad4a5d-4f2b-4143-8056-a8ddbd4f7c0e,"free browsing, communism, democracy, resistance, society, system, values, ideals, leaders, choice, daily life, participation"
b1c56397-a0ff-494b-adc2-5f9f1c123ee5,"free browsing, democracy, leaders, transition, feelings, joy, society, hope"
5306b23c-03fa-4b64-bb1f-0b35ea00b885,"free browsing, history, education, resistance, transition"
da232bba-38ad-4309-a4c3-fe9ad193ef4e,"free browsing, communism, system, safety, work, choice, leaders, repression, courage, resistance"
c518ddcb-663f-4e0f-b947-1bf5859537e8,"free browsing, society, resistance, communism, system, courage, religion, youth, work, interests"
438c900d-3355-4e14-9c12-21c240e433b5,"free browsing, democracy, leaders, disappointment, society, system"
8627077d-199d-48f0-894c-1619c96b88d0,"free browsing, education, totalitarianism, family, religion, courage, childhood, communism"
08822a9a-b7b5-4a2c-a80e-155beb2f0f43,"free browsing, family, religion, resistance, education"
543cd064-7674-4794-bc86-44c75478f30d,"free browsing, democracy, ideals, elections, society, participation, totalitarianism, system, responsibility, accountability, transition, capitalism, education, communism"
b0e522db-03aa-44f3-b713-3aca47a85deb,"free browsing, democracy, transition, corruption, expectations, society, fear, values, ideals, feelings"
5f5337fb-5d68-473f-99e3-02f8aeab3c03,"free browsing, society, transition, values, culture, fear, feelings, economy, leaders, expectations, hope"
8af45cf3-6280-472e-96c6-e7c2483e1585,"free browsing, war, leaders, solidarity, values, society, democracy"
cda51c9c-7724-45ae-91f1-e65722dff57a,"free browsing, travelling workshop, history, youth, participation, society"
cda44cc6-e0dc-4ec8-971b-e25488254ee2,"free browsing, travelling workshop, democracy, transition, participation, elections, minorities, totalitarianism, responsibility, peace"
ddda5e12-2b5d-44b8-ab10-8f3a3dc263e0,"free browsing, travelling workshop, democracy, participation, education, ideals, capitalism"
0ffbf6ee-713c-4337-aa82-1ed243ea1029,"free browsing, travelling workshop, education, totalitarianism, fear courage, childhood, propaganda"
89d32e70-5dba-4e52-8f17-65f0efc5504d,"free browsing, transition, memory, democracy, feelings, values"
9e393efb-9a47-43ad-a647-74290db61bf1,"free browsing, childhood, leaders, daily life, joy, leisure, memories, communism"
9f866365-e87a-47ff-be73-233135d095c2,"free browsing, travelling workshop, expectations, propaganda, democracy, system, transition, disappointment"
47335cc5-392c-4584-8344-a4b9e53d6be6,"free browsing, violence, feelings, transition, resistance, totalitarianism, system, courage, repression, anger"
691ef8c4-2a36-4028-a560-ba16fb99a920,"free browsing, communism, memory, history, youth, ideals, feelings, daily life"
b0bb69d7-cac1-46dc-a0dd-83b97cecec87,"free browsing, transition, education, freedom, system, fear, totalitarianism, democracy, childhood, studies"
166deda1-6b50-45ae-9fe2-1700347c8f2b,"free browsing, resistance, totalitarianism, transition, system, education, choice, democracy, leaders, childhood, memories, courage"
0ee0c732-9ec4-458c-adf0-6289026c88b1,"free browsing, abroad, memories, media, travel"
e888e644-f6e3-4f07-89b5-9f7858e48f77,"free browsing, abroad, memories, economy, food, travel, education"
b28ea895-4312-4f7d-b1d1-aef9961becfc,"free browsing, transition, society, feelings, participation, belonging,  joy, memories"
e9e0de70-43ba-49b2-89df-40e5c27c12e3,"free browsing, transition, resistance, democracy, totalitarianism, memories"
ae820c25-aaae-4aff-9636-849d20a2639d,"free browsing, memories, education, courage, religion, system, totalitarianism, friends, childhood, resistance"
8f30764c-d040-4b76-bc1b-ba1ce8afe9aa,"free browsing, childhood, education, family, propaganda, system, totalitarianism, daily life"
c4b6393c-72c1-4cf2-83ee-da7b1f893b84,"free browsing, oppression, daily life, system, religion, freedom, privacy, society, safety, totalitarianism, communism"
65abf2c5-3c84-437c-86d8-478d11dba4bb,"free browsing, oppression, system, totalitarianism, communism, daily life, violence, fear, privacy, feelings"
098c22c9-9825-4300-a267-88ece46ad4fe,"free browsing, freedom, society, democracy, feelings, transition"
94f75b8c-e076-4d35-ad3f-baca24e1f696,"free browsing, freedom, society, transition, feelings, oppression"
f88163eb-ad86-4396-9850-9451ea7e8c64,"free browsing, travelling workshop, youth, system, totalitarianism, freedom, democracy, oppression, repression, ideals"
561afe6c-3ceb-4b74-9a0c-26121ecb1157,"free browsing, travelling workshop, history, youth, transition, memory, memories, freedom, totalitarianism"
c14c61bf-221f-4232-a092-d7ee0707c42a,"free browsing, travelling workshop, disappointment, democracy, transition, corruption, expectations, freedom, leaders"
94ee0a52-5164-4430-ba9e-354020d1cf23,"free browsing, democracy, participation, dictatorship, transition, history, politicisation, system, education, childhood, society, travelling workshop"
22ad5e09-9e96-4af8-a42f-d7f9e2096b4c,"free browsing, politicisation, dictatorship, memory, history, transition, democracy"
43626964-1605-4bb5-9e8d-b1cdd44c9f2b,"free browsing, dictatorship, transition, abroad, democracy, history"
c19fa561-2def-4932-a6b3-4a55f7552f6c,"free browsing, youth, expectations, dreams, history"
93e81d6b-4f81-4994-af70-dbdee3d9d3e1,"free browsing, democracy, ideals, society, system, transition, expectations, disappointment"
b274084e-670b-48a7-b455-2d39d5a35f84,"free browsing, transition, dictatorship, media, childhood, family, joy, feelings, memories"
1b788659-2216-412e-94c2-91a06c9dc7df,"free browsing,  memories, childhood, dictatorship, transition, participation, expectations, family, society, army, violence, feelings"
cfdda2f7-edf4-4501-ad23-028f8b96906a,"free browsing, dictatorship, childhood, memories, system, propaganda, education, participation, resistance, family, choice"
6d66f0b6-9d46-439f-b9bc-4e10fb4084a0,"free browsing, history, memory, memories"
fd938957-1ed6-47b8-8e2d-38eb9105a872,"free browsing, childhood, leisure, family, daily life, safety"
133c6424-0774-43b6-9469-4ad6b21976b7,"free browsing, dictatorship, childhood, media, abroad, family, daily life, culture, expectations, values, memories"
2b2cd463-6fb4-46ee-95a3-1e3c1a0b167e,"free browsing, democracy, system, values, education, travelling workshop"
84be57dc-539b-4495-b74d-3acf364e7053,"free browsing, family, gender, childhood, safety"
40a06ac3-7157-4f0e-aec8-4936c9cb6126,"free browsing, democracy, system, history, ideals, travelling workshop"
25b99f77-feb0-483a-80ea-410ea139f9b4,"free browsing, system, responsibility, participation, democracy, society, travelling workshop"
69ded703-7b2e-43a5-9577-e4fc2dac1db7,"free browsing, dictatorship, daily life, education, childhood, propaganda, feelings, fear, system"
d5c5b5e1-a4e7-4e2d-9eb6-47c602767e8e,"free browsing, dictatorship, daily life, education, childhood, propaganda, fear, system, repression"
a203b337-8691-4a78-b864-649484afa5d8,"free browsing, dictatorship, childhood, media, abroad, family, daily life, culture, expectations, values, memories"
09f2348b-57f3-40b1-af75-24bef29bee46,"free browsing, dictatorship, resistance, culture, abroad, youth, politicisation, media"
f9c5480f-4415-4c50-91d7-377281c2fec0,"free browsing, resistance, politicisation, dictatorship, friends, transition, freedom, democracy, courage"
3f2331f6-0ff5-432f-b205-dc035ff33315,"free browsing, society, participation, system, democracy, disappointment, socialism, solidarity, travelling workshop"
e5b7fefb-ee1f-430a-9078-8b77ae67a5f5,"free browsing, youth, society, participation, politicisation, resistance, feelings, anger, leaders, travelling workshop"
6800f16a-48a9-457c-bfc9-22f4e8d6e3fe,"free browsing, transition, history, capitalism, inequality, society, economy, memory, travelling workshop"
b42931d6-c61f-4bbc-9fb9-ca44fade9d8e,"free browsing, democracy, resistance, participation, society, anger, solidarity, travelling workshop"
3174e9aa-590d-4935-a8e6-0bb0d1df03bd,"free browsing, childhood, abroad, resistance, politicisation, dictatorship, family, friends, education, culture, communism, media, memories, leisure, daily life"
ba19c5ec-99a7-41fa-9e0b-c9868ef5074c,"free browsing, history, dictatorship, transition, resistance, feelings, choice, family"
d582df7e-09d9-4293-b53e-904f74760b8e,"free browsing,  resistance, history, democracy, dictatorship, education, youth, totalitarianism, travelling workshop"
2a4d3db3-e88b-4530-b2db-b1a12371cf5f,"free browsing, dictatorship, repression, family, childhood, fear, feelings, memories"
eabe2a39-3729-4aa9-8811-31b7a399f181,"free browsing, dictatorship, repression, family, childhood, feelings, memories, prison"
f4d15906-2cd8-4bb1-b180-9903e1f0f282,"free browsing, memories, youth, dictatorship, transition, participation, expectations, family, society, army, violence, feelings, history"
c01cb986-ed9d-48db-9ed0-e463e3bad450,"free browsing, childhood, politicisation, family, society"
47efd7aa-3496-4b34-b89d-363d72c4c6c3,"free browsing, childhood, politicisation, family, society, resistance, ideals, dictatorship, memories, daily life"
42cf07cb-0a93-4575-a0f8-99c5f36e327f,"free browsing, history, memory, memories, youth, family, travelling workshop"
6b8cf9d0-38da-4980-9f82-bce505ee2af6,"free browsing, education, transition, system, freedom, dictatorship, democracy, fear, childhood, joy, feelings, politicisation, youth"
bb239ed6-c83a-406b-b4fe-d86a08fd6bd8,"free browsing, transition, politicisation, education, freedom, childhood, democracy, youth"
903ce703-3518-41df-8d80-a6a4faa1798e,"free browsing, resistance, history, democracy, dictatorship, education, youth, totalitarianism"
24f84742-f6be-4c98-80a1-b1dfc196af44,"free browsing, childhood, politicisation, family, society, resistance, ideals, dictatorship, memories, daily life"
18c1456c-bcee-4a5e-b82b-f8e81d974e5a,"free browsing, transition, dictatorship, childhood, family, joy, feelings, memories"
abd2f7cc-c9ac-42d8-94fb-69c8cb1c0de4,"free browsing, dictatorship, system, fear, family, childhood, violence, safety, feelings, memories"
0402e3bc-ad4b-414c-9324-525d710e2fb2,"free browsing, dictatorship, system, religion, family, childhood, daily life, repression, resistance, politicisation, memories"
c7c54b45-170c-46b0-873c-ec9b2520b6f8,"free browsing, travelling workshop, democracy, leaders, system, society, freedom, accountability, participation"
36ac013e-7160-424a-a3c8-dd3ba68e1eaf,"free browsing, values, society, economy, system, transition, responsibility, communism, capitalism, democracy"
49bc44f4-979c-4aaa-837e-132f4b97180e,"free browsing, family, childhood, memories, system, equality, values, money, society, ideals, communism, daily life"
80d1159e-5d46-4e8f-923e-568d85f4f0ba,"free browsing, leaders, democracy, politicisation, elections, propaganda, daily life, ideals, transition, childhood, system"
6a16056b-7d7b-4906-b520-430ba7183627,"free browsing, democracy, leaders, freedom, responsibility, accountability, youth, migration, choice, society, education"
3c5f6e02-13f8-4c45-9c52-25ce6ccdb239,"free browsing, system, diversity, communism, responsibilty, accountability, leaders, society, participation"
11a97e4e-3180-4a26-b573-d1096b0d52e4,"free browsing, transition, democracy, youth, joy, hope, expectations, fear, society, family, memories"
5e0c839b-72c1-4609-b5a6-4fb2889a39f8,"free browsing, transition, memories, family, feelings, daily life, fear, participation, resistance"
300f8fc4-4189-4718-a3f9-91efd0fe0c23,"free browsing, communism, dictatorship, religion, family, friends, work, solidarity, childhood, system, choice, freedom, courage, ideals, discrimination, resistance, memories"
b94cae8b-cc1e-4e1b-9c48-905caeb8c14f,"free browsing, history, memory, system, society, family, communism"
964e065e-173b-4c95-8b73-85461ad5b2be,"free browsing, family, childhood, safety, social security, system"
58ef7a3f-561c-4d54-9113-0132d230e62a,"free browsing, travelling workshop, transition, freedom, oppression, participation, democracy"
4c28227d-ac4e-48c6-836b-885f0f4e6090,"free browsing, family, childhood, safety, social security, communism, system, feelings"
5f341e65-a247-4922-bd5a-2eff7262dbf3,"free browsing, family, childhood, safety, education"
10af8302-59a6-42a3-8ad7-2a944ea63d5c,"free browsing, leaders, childhood, memories, fear, feelings, system"
44f9825f-264b-48a9-beb8-547dcee4f2a5,"free browsing, religion, system, communism, childhood, memories, oppression"
3876db0d-7b74-4313-95e2-c67c19bc157d,"free browsing, travelling workshop, responsibility, youth, participation, choice, accountability, totalitarianism"
cb046c2a-0bea-41c3-994c-0a385031405d,"free browsing, abroad, childhood, memories, politicisation, inequality, feelings, solidarity, values, social security, choice, democracy, responsibility, accountability, capitalism, discrimination, anger"
8c499cf9-3cb2-4959-98e4-8600bf8debee,"free browsing, discrimination, equality, religion, solidarity, childhood, communism, education, oppression"
23be7b7b-f356-4abd-b71b-602e546eb999,"free browsing, abroad, propaganda, totalitarianism"
1c29fa2a-27c9-4470-b854-e49d54a2405d,"free browsing, abroad, propaganda, Soviet Union, family, communism"
7ef5dd6f-8062-44a3-b406-7be5ce3c7fad,"free browsing, family, culture, safety, leisure, interests"
95e1c54c-7821-4a0c-ba1b-9017dc620f63,"free browsing, democracy, freedom, responsibility, accountability, youth, memories"
28e76925-4a5c-4904-9a3a-989b80dbd1e6,"free browsing,  totalitarianism, communism, Soviet Union, education, propaganda, freedom, courage, resistance, childhood, memories"
58afe842-1b9e-4996-a6df-30a3cbc72cf7,"free browsing, democracy, hope, transition, disappointment, feelings, freedom, leaders, ideals, interests"
63a3d900-8d5e-45db-9c97-856d8613ef2d,"free browsing, transition, education, studies, system, youth, choice, feelings, work, society, memories, courage"
d9ee6d53-1bb1-4bb8-af47-d2e9bb4bf113,"free browsing, violence, resistance, economy, transition, democracy, memories, capitalism, joy, feelings, memory"
436b0952-cbe1-4d3f-90ba-ce990864c365,"free browsing, childhood, family, memories, daily life, responsibility, work, belonging, minorities"
f49e9d83-f98b-40c7-9d3b-231af8fa6230,"free browsing, communism, Soviet Union, childhood, family, memories, education, hope, propaganda, daily life, peace "
68251f06-3735-4ad6-8a67-799f9518df86,"free browsing, democracy, expectations, leaders, equality, diversity, family, discrimination, values, travelling workshop"
0ab57bf5-3618-40cc-959d-067a19dbb3d2,"free browsing, youth, democracy, ideals, freedom, Lithuania, humour, history, choice, participation, system, travelling workshop"
13468670-13c3-4cf9-945a-b615742a7484,"free browsing, transition, democracy, capitalism, freedom, travel, abroad, education, interests, work, family, money, studies, daily life, leisure, travelling workshop, choice"
ae36002e-f237-41e3-9b61-261e974dedab,"free browsing, totalitarianism, communism, education, propaganda, history, system, childhood, Soviet Union"
0ad1fb9a-8034-461c-a5d6-477afe16a861,"free browsing, travel, abroad, system, totalitarianism, communism, expectations, dreams, democracy, elections, propaganda, leaders, resistance, daily life"
20f7c4b0-c534-4e1b-87d4-e7545a860e25,"free browsing, system, totalitarianism, communism, work, army, choice, Soviet Union"
8fc9beba-ea18-4368-93ee-075eb1863a4b,"free browsing, transition, system, totalitarianism, expectations, work, democracy, capitalism, choice, friends"
6d29295c-fc1b-40c4-bfac-5cd96d3f5037,"free browsing, totalitarianism, communism, system, clientelism, leaders, food, daily life, society"
7f664714-2306-48be-b0aa-b8c53742a272,"free browsing, leaders,communism, feelings, propaganda, politicisation, education, work"
b8555fd4-efd5-46ca-8916-2e7fc536f8a9,"free browsing, transition, army, youth, media, participation, feelings"
6c4ec9db-e374-4f92-b69f-c86eb3d2cffd,"free browsing, transition, minorities, democracy, travel, abroad, Soviet Union, migration, belonging, media, education, history, nationalism, choice, religion, daily life, family, memory"
ec4ae84f-503b-47d3-9c21-e313b6852c49,"free browsing, migration, legislation, minorities, discrimination, memories, society, work, participation, democracy, system, belonging, travelling workshop"
a05a0f60-bc64-4f96-a86f-5b3ae402b536,"free browsing, dictatorship, belonging, religion, resistance, migration, freedom, choice"
8f8d0a6d-d52b-49ef-a583-72024aa37ecb,"free browsing, migration, belonging, memories, legislation, system, feelings, democracy"
13e5010e-fffa-429b-88ab-4764b728c884,"free browsing, migration, friends, belonging, society"
4f8dedd8-f686-468f-be6d-e5e4000c51f3,"free browsing, system, migration, discrimination, minorities, participation"
1099951e-c757-4693-9af9-9b09f21f20d1,"free browsing, dictatorship, religion, totalitarianism, fear, system, resistance, belonging, propaganda, abroad, memories"
fb3b6e40-39c6-4582-b9ed-016b7129b943,"free browsing, memories, democracy, capitalism, migration, discrimination, inequality, minorities, work, daily life, social security, money"
37b96cf1-a5ab-4fcf-91b1-81dd6ed94cf4,"free browsing, migration, minorities, belonging, society, democracy, system, feelings, travelling workshop"
62d57e55-8262-4230-bd6d-7231b9f5c42d,"free browsing, democracy, diversity, freedom, society, ideals, minorities, participation, travelling workshop"
a35f7a99-70ba-4314-8091-be7082e7d747,"free browsing, migration, system, democracy, discrimination, leaders, responsibility, accountability, disappointment, anger"
d7444420-c1ba-4ba5-b3e6-3055aa3c9e25,"free browsing, politicisation, daily life, system, totalitarianism, choice, participation, freedom, resistance"
12c63333-2f66-4b01-a5d8-fa049baf8638,"free browsing, democracy, elections, system, society, minorities, migration"
1cb8ed8a-726e-4640-98bf-aa4ff890a779,"free browsing, migration, memories, feelings, joy, system, democracy"
36c3a604-9807-4c52-8c85-6b4272789cb1,"free browsing, society, migration, system, feelings, belonging"
7df50b1e-afc6-448c-bd05-69097dab16d6,"free browsing, migration, legislation, minorities, discrimination, society, work, participation, democracy, system, belonging"
5fe95fed-a57c-4076-a314-0dad21b7e3ed,"free browsing, travelling workshop, diversity, equality, democracy, freedom, society, resistance, participation, politicisation, courage"
b4e9df31-e4c3-45eb-8bac-fe5f05098a82,"free browsing, democracy, diversity, discrimination, minorities, equality, resistance, foreign country, choice, work, privacy, friends, family, abroad "
7469e87e-3235-404a-b82c-7b5682afade1,"free browsing, democracy, diversity, minorities, inequality, resistance, choice, work, family, belonging, education, childhood, disappointment "
98521844-a1c8-42f0-9e6e-254b2fc002c2,"free browsing, belonging, society, childhood, minorities, discrimination, feelings"
fc5d8928-1d6b-4fe9-a737-eff21d74e2e6,"free browsing, minorities, leaders, elections, democracy, discrimination, culture, diversity, resistance, participation, responsibility, belonging, society"
bdf01c35-b73a-4720-9120-36e462e8d2b4,"free browsing, culture, diversity, friends, childhood, belonging, feelings"
4cb954c2-7409-4486-8e7b-a588a949c235,"free browsing, democracy, discrimination, housing, belonging, migration, society"
ae30284e-4923-4d81-a172-1beb78ccad1a,"free browsing, democracy, diversity, minorities, feelings, education, media, culture, ideals, childhood, society, belonging, memories"
0ba5cae4-947d-49f7-a3db-dc729534b702,"free browsing, travelling workshop, democracy, freedom, choice, fairness, discrimination, minorities, peace"
7c6d945f-5cd5-45ea-967c-a0dea5a1909b,"free browsing, travelling workshop, democracy, diversity, media, culture, peace, society"
f3aaf4fa-b503-43ca-a11d-855b278f5af3,"free browsing, education, discrimination, diversity, childhood, democracy, system, safety, participation, belonging, memories, minorities"
487229fe-7d4c-4fe3-8c80-90cee9f5b85e,"free browsing, democracy, discrimination, culture, media, society, peace, values, minorities, diversity, daily life, society, memories"
9ff56851-944b-4952-a443-e5cfc7ae2c18,"free browsing, system, democracy, minorities, discrimination, inequality,  feelings, belonging, society, childhood, diversity"
b93c500f-159b-4fd7-8ba9-ba9ea5022544,"free browsing, leaders, democracy, elections, minorities, migration, society,  feelings, dsappointment"
ee399135-31a2-4894-a3ad-a84fd7f4348d,"free browsing, memories, work, democracy, capitalism, discrimination, diversity, education, minorities, responsibility"
99b32fa3-31b7-48fb-a454-2fa287a33772,"free browsing, belonging, childhood, family, education, culture, society, feelings, minorities"
982144c8-0623-497f-acf8-48f19e92d763,"free browsing, travelling workshop, history, ideals, society, belonging"
ecdf4082-5cff-4356-9261-3c65d781b22f,"free browsing, migration, belonging, democracy"
a2f6bd5a-b3fb-482b-8701-c831b476c62e,"free browsing, family, childhood, joy, culture, memories"
64275fe3-c786-4fb8-9311-29aca748e386,"free browsing, culture, diversity, belonging, colonialism, history, family, society, freedom, LGBTQ+"
a7f6f6d4-a262-4272-87d6-0f6c99c6dd49,"free browsing, feelings, belonging, freedom, colonialism, history, memories, capitalism, money, society, minorities, discrimination, capitalism"
1826cd53-1e90-4596-b509-5a8c85e6e873,"free browsing, colonialism, democracy, responsibility, accountability, repression"
6e2ace16-80e9-4145-9cd9-c529605ab9e7,"free browsing, travelling workshop, democracy, participation, responsibility, accountability, freedom, courage, history"
dd3bccaa-bb09-4518-bfa6-3c411bbb6571,"free browsing, travelling workshop, democracy, participation, choice, courage, system"
83b44b84-fe92-47ee-a19f-a6e864c8682c,"free browsing, travelling workshop, colonialism, capitalism, culture"
8de5dc5b-6a28-4629-8b39-ca7ff274d932,"free browsing, travelling workshop, democracy, fairness, colonialism, history"
ec20343c-f881-4410-96ad-1d5d90c82f0c,"free browsing, inequality, colonialism, economy, feelings, history, expectations, imperialism, travel, responsibility, accountability, capitalism, anger"
6299649e-b9f5-48be-abc3-8ff14736160e,"free browsing, democracy, discrimination, culture, media, society, belonging, values, diversity, daily life, memories, feelings, colonialism, history, resistance, choice"
bed8fbd3-d375-486a-8d6a-196a44ad605d,"free browsing, minorities, LGBTQ+, youth, family, society, discrimination, inequality, feelings, belonging, diversity, oppression"
ab448fa6-20ab-4c81-9074-ae4cc0734a42,"free browsing, migration, minorities, LGBTQ+, youth, freedom, society, equality, feelings, belonging, diversity, safety"
37eb5115-7e55-4dfe-98d4-d65e1ec63ecc,"free browsing, family, expectations, feelings, daily life, memories, hope"
49f58017-c79d-48f7-ba12-48394d8960c4,"free browsing, communism, totalitarianism, education, childhood, family, resistance, politicisation, safety, feelings, propaganda"
434452af-6a3c-4816-b30e-cdcc37756926,"free browsing, migration, communism, capitalism, childhood, abroad, food, money, memories, feelings"
c40a48cb-97fc-4c83-a73b-eb91d16e7aa6,"free browsing, Communism, Capitalism, Daily Life, Choice, Courage, Freedom, Childhood, Resistance, Family, Migration, Travel, memories, abroad, economy, money, dreams, interests"
24e46265-fda9-4a12-a88e-ac973c01e774,"free browsing, Communism, System, Daily life, Family, Society, Social security, Solidarity, Economy, food, foreign country, travel, memories, totalitarianism"
afacca35-76f0-459c-a37e-854f2e6fc31e,"free browsing, Communism, System, Daily life, Family, Society, Social security, Solidarity, Economy, food, feelings, travel, abroad"
1baab0cc-8eaf-4755-9609-1b06eea17ea6,"free browsing, democracy, Capitalism, Transition, Feelings, Memories, Daily life, Work, Abroad, Foreign country, Humour, Society, Culture, Travel"
6f7d8e36-ab11-46f3-aa6c-4e96533dde70,"free browsing, Totalitarianism, Communism, Work, Choice, Resistance, Courage, Fear, Safety, System, Privacy, Violence, abroad, humour, family, youth"
531b65df-1ebc-4817-ac84-bb0bd67e9158,"free browsing, childhood, family, safety, food, daily life, system, leisure, education, war, joy, memories"
328f1b21-ed23-419b-a75d-ca89fbf3764f,"free browsing, childhood, abroad, memories, interests"
2a538126-6c14-4540-aff2-32dc8731bc20,"free browsing, childhood, Youth, Capitalism, Migration, Abroad, family, choice, resistance, belonging"
dab65611-abe0-48cd-802d-ca3a3ebaf540,"free browsing, childhood, Youth, Communism, Migration, Abroad, Choice, Family, belonging, resistance, memories"
5a94f542-04d3-4509-b3c8-69c185640c88,"free browsing, democracy, ideals, choice, participation, hope"
bb13705a-e151-4be2-a1dd-0ca7a6d76ffa,"free browsing, system, totalitarianism, communism, education, propaganda, family, childhood, memories"
491c2d5f-6052-4679-add4-39fa44891321,"free browsing, system, totalitarianism, communism, education, propaganda, family, childhood, safety"
be0f2e03-5f5b-4b44-86c9-78ffa82c066f,"free browsing, abroad, memories, daily life, migration, travel"
c7c2c48e-f1e4-413a-bcea-6dc315072aa3,"free browsing, democracy, freedom, youth, leisure, solidarity"
d1098a2c-9ded-40fb-8152-b0f637f83b14,"free browsing, democracy, system, leaders, elections, participation, responsibility, accountability"
2655eb3d-0c1e-4082-a0ed-5a1201632f24,"free browsing, transition, feelings, hope, expectations, fear"
5434e934-50d1-4568-a54a-1605f6298a41,"free browsing, communism, totalitarianism, work, resistance, media, freedom, system, expectations, feelings, memories"
a3771b14-d056-400a-8beb-54567e8c600b,"free browsing, travelling workshop, democracy, ideals, choice, participation, hope"
9c26ed5b-cc15-4add-a5de-5172c762a040,"free browsing, travelling workshop, democracy, participation, youth, freedom, elections, system, leaders"
5ad487b2-2c4a-4467-a421-74819efe906a,"free browsing, travelling workshop, transition, democracy, disappointment, youth, history, participation, dreams, ideals, responsibility"
d3390f92-df04-4c68-94eb-97d2a12f9ecf,"free browsing, democracy, equality, participation, childhood, youth, leisure, responsibility"
2aee9a22-a77b-421d-b012-6eb3bcfa97de,"free browsing, feelings, freedom, transition, joy"
7e6b971a-a818-4785-890e-5d10c9d05211,"free browsing, memories, communism, totalitarianism, foreign country, resistance, humour, army, childhood, leisure"
7463eed1-a0f4-43c8-8330-f722e2fd6684,"free browsing, history, democracy, dictatorship, youth, responsibility, accountability, participation"
a733f39c-97c1-4ff8-bf62-5bad92bbc3bf,"free browsing, system, totalitarianism, solidarity, childhood, communism, belonging"
d99c77e8-c180-4713-8799-18030bc058c3,"free browsing, communism, system, resistance, courage, culture, censorship, repression, totalitarianism"
5c382c95-c79b-4879-a97c-1cffeedca1eb,"free browsing, youth, system, migration, legislation, rule of law, ideals, nationalism, history, democracy"
d664e620-ed36-4762-b8a4-41c9ded2366e,"free browsing, democracy, system, migration, expectations, violence, rule of law, disappointment, feelings"
8c6f39a4-df13-41b3-8f2e-805d97c80381,"free browsing, propaganda, education, childhood, totalitarianism, system, communism, abroad"
a5a2acb2-df87-41af-ac98-e2ed0010db8f,"free browsing, propaganda, education, childhood, totalitarianism, system, communism"
14307c44-1a11-4f6c-aec1-b63170c608e6,"free browsing, childhood, education, culture, memories, daily life, safety, leisure, repression"
9b30e8ce-9b01-4f29-93e8-585b6985e8cf,"free browsing, childhood, abroad, travel, expectations, memories, dreams"
41ed1e34-ec6e-4c6a-b081-16b14aea6349,"free browsing, resistance, politicisation, elections, transition, participation, family, freedom, choice"
020465e3-cda6-441b-8ebc-d0c0eeba6686,"free browsing, youth, history, daily life, system, communism"
b73d02d0-d98b-4763-87e8-f470039b1f8d,"free browsing, youth, system, family, history, memory, democracy"
32f2013f-9fb7-4e54-9489-a72662b19fc6,"free browsing, youth, transition, history, democracy, disappointment, accountability, responsibility"
baf8a1bc-13c6-40d4-9e3b-903fd6bfb294,"free browsing, youth, values, solidarity, participation, society, democracy, equality, diversity, elections, leaders, propaganda, feelings, travelling workshop"
f95ab3cb-85e6-47f9-81e4-8ca0c7aeaf05,"free browsing, education, courage, resistance, propaganda, freedom, communism, totalitarianism, childhood, socialism, ideals, Soviet Union"
228092b9-551c-4393-ba88-8c4b636e972d,"free browsing, daily life, media, freedom, system, totalitarianism, family, abroad, memories, education, history, politicisation, money"
915e52db-f768-4025-aaae-9361532be474,"free browsing, democracy, ideals, choice, participation, minorities, expectations, freedom, LGBTQ+"
f29b9c6f-e5cd-488c-b588-a4e91b93744f,"free browsing, democracy, system, accountability, leaders, elections, work"
cbf8f62f-cb78-4131-9f31-4c0073eff356,"free browsing, travelling workshop, democracy, system, diversity, fear, youth, propaganda, dictatorship, history, abroad"
751d730f-a307-4135-b13b-1918a9991755,"free browsing, free browsing, democracy, system, freedom, inequality, choice"
2b09bebe-d809-41cf-a287-773f69f8bb73,"free browsing, religion, courage, resistance, education, dictatorship, family, fear, childhood, belonging, memories"
df38bd23-036c-43c1-91f8-5eeddffc29fb,"free browsing, dictatorship, resistance, media, totalitarianism, dreams, ideals, memories, politicisation, censorship"
bec228a9-df76-4c00-a393-35cd1838ab1e,"free browsing, dictatorship, resistance, media, totalitarianism, dreams, ideals, memories, politicisation, censorship"
fba60af9-eaca-4d28-bfa7-98463cfc7738,"free browsing, democracy, system, colonisation, transition, dictatorship, feelings, expectations"
25b68106-8182-44e4-a0ca-12aff1ba6caa,"free browsing, expectations, hope, ideals, democracy, fascism"
cb1a319d-2884-4749-8c32-55747a479c37,"free browsing, fascism, family, childhood, dictatorship"
a15a9c39-d9e4-42be-814f-2271086f46f0,"free browsing, family, gender, dictatorship, society, education, politicisation, fear, childhood, daily life, leaders, fascism, values"
080bf441-261e-45cf-b7d5-8e79ca5851bf,"free browsing, family, resistance, childhood, memories, gender, dictatorship, society, leaders, fascism"
ed6bb1cb-a0e7-4053-912d-8c9ace47c86d,"free browsing, totalitarianism, dictatorship, resistance, friends, censorship"
ba1c9644-002a-40a3-8ec5-55726ca71ec3,"free browsing, travelling workshop, money, inequality, freedom, capitalism, democracy, fairness"
c37663ba-e623-419c-a3f1-26d52e68d29f,"free browsing, travelling workshop, fairness, freedom, democracy, money, human rights, solidarity"
88648553-c6ea-4b4c-bf96-466330cd6c6d,"free browsing, money, capitalism, freedom, discrimination, minorities, society, culture, equality, values, fairness, anger"
93759f1a-7767-4d8a-9a1b-3d619d18d414,"free browsing, youth, education, solidarity, daily life"
a915ae63-3c97-461d-aa63-bb223eda4278,"free browsing, society, economy, money, values, system"
f63a0c6b-8898-4b51-bd74-80eb755d9b96,"free browsing, system, belonging, migration, legislation, minorities, discrimination, colonialism, democracy"
f66d6254-81bc-402c-a86f-f176ffb6ec0b,"free browsing, travelling workshop, democracy, ideals, participation, politicisation"
07738a97-2789-4371-9083-bccbd025be7c,"free browsing, memories, society, feelings, dictatorship, transition, abroad, migration"
c374e34e-8ba5-40bb-8223-eac3aee53942,"free browsing, memories, transition, system, democracy, capitalism, colonialism, peace, war, economy, society, ideals, work, daily life, feelings, freedom"
956b7fdc-51b5-4e48-9e43-213edf160388,"free browsing, dictatorship, totalitarianism, system, resistance"
ba53fe2e-396a-4926-89fb-938990147246,"free browsing, democracy, system, transition, participation, ideals, disappointment"
473de854-532a-41cc-ba7b-b4e1ea2f11bc,"free browsing, democracy, inequality, economy, leaders, legislation, resistance, culture, media, education, society, hope, capitalism, anger, travelling workshop"
6e5bf059-6817-4070-b258-3e6ec51a8c0f,"free browsing, religion, courage, resistance, education, dictatorship, family, fear, childhood, discrimination, belonging, memories"
05137511-9ced-404e-b895-0db333a55929,"free browsing, religion, courage, resistance, education, dictatorship, family, fear, childhood, discrimination, belonging, memories"
4b7e6372-46bb-4ea7-8766-e987ba3418b1,"free browsing, education, system, democracy, equality, diversity"
88f8d6dd-f8c5-486c-b8cb-682995ada8b9,"free browsing, childhood, system, dictatorship, family, friends, resistance, totalitarianism, dreams, ideals, memories, values, politicisation, solidarity"
589e627d-5df1-4022-a7c3-588a7528493a,"free browsing, childhood, system, dictatorship, family, friends, resistance, totalitarianism, dreams, ideals, memories, values, politicisation, solidarity"
52d663e9-1e2d-4dd5-ab1f-c310d92ddab7,"free browsing, fear, dictatorship, religion, freedom"
35207102-89ad-44f9-95b8-2799c32aaa6c,"free browsing, dictatorship, joy, friends, resistance,  totalitarianism, dreams, ideals, memories, values, politicisation, solidarity"
b52d2f37-bc9a-4508-8091-da8a1a76f6eb,"free browsing, youth, participation, resistance, dreams, solidarity, system"
0dfe1e94-76bd-453e-8349-179f970b6d3e,"free browsing, democracy, expectations, disappointment, inequality, ideals, participation, system, culture, society, daily life, leaders, belonging, capitalism, work, social security, solidarity"
f305513c-8f3a-415a-9687-8005c42b3fbb,"free browsing, travelling workshop, memory, history, youth, history, propaganda, oppression, freedom"
8148aa7c-798c-4bf8-bf64-81a5efd19935,"free browsing, childhood, safety, family, totalitarianism, food, communism, dictatorship"
5d81900e-10c0-4942-8d51-bf5da2fee092,"free browsing, childhood, memories, safety, food, family, communism, dictatorship"
0e9d6229-a63d-40b1-82bb-0b9bd60d103a,"free browsing, democracy, transition, leaders, society, memory, values, disappointment"
29c2666e-4637-4d0d-85e8-6c6b4f604686,"free browsing, abroad, media, culture, daily life, dreams, memories, leisure, childhood"
bfc04243-54be-475f-bdf4-6346d518d260,"free browsing, freedom, youth, democracy, participation, freedom, money, capitalism"
d3c89551-74b2-48c7-8603-c31c163a93a2,"free browsing, communism, democracy, totalitarianism, freedom, travel, system"
a30c8e97-7355-45db-9a7e-91b66899232f,"free browsing, transition, army, dictatorship, youth, fear, feelings"
a919682e-ec14-439a-9b59-5e0d5dc9f65b,"free browsing, travel, transition, freedom, money, daily life, capitalism"
3fc0710f-f90e-4fbf-b93b-f1aeeb01e254,"free browsing, dictatorship, system, society, freedom, daily life, repression, censorship, family, privacy, memories, youth"
117f1dd5-b947-4e1f-8e62-9e78f40372d5,"free browsing, memories, dictatorship, communism, work, oppression, leaders, system, feelings, daily life"
4d162c73-5ed8-4aca-8a90-aaee7261dffb,"free browsing, childhood, totalitarianism, daily life, work, system, abroad, resistance, culture, memories, capitalism, dreams"
6f2186e7-67c9-4c43-bd60-5a84b1ff9d01,"free browsing, democracy, transition, freedom, leaders, travelling workshop"
d2ad5b9d-aeaa-4d61-ab32-df17fc690059,"free browsing, democracy, freedom, safety, society, fear"
e34571ab-850b-4ed3-ac38-78a0dd6699fb,"free browsing, expectations, democracy, leaders, ideals, system, freedom, transition"
e5e5a48b-d096-4e2e-992d-9893b55de8ae,"free browsing, expectations, hope, leaders, democracy, disappointment, feelings, travelling workshop"
17b2c783-f0a6-4bce-ba13-724f3fd22fcb,"free browsing, democracy, freedom, elections, ideals, dictatorship, feelings, travelling workshop"
6c3a23f9-e01a-4f0c-88dc-d2f88f29c558,"free browsing, memories, transition, communism, work, choice, economy, money, daily life, capitalism"
c88ee8f1-7465-479f-9cf9-335c7dc8e766,"free browsing, memories, dictatorship, communism, system, opression, fear, safety, society, feelings, daily life"
62a4b6fa-723e-4f7c-a01f-329d9ed7fa23,"free browsing, memories, dictatorship, communism, participation, society, feelings"
54eefa6d-95f0-48be-9e9d-c4f227ad3c0e,"free browsing, communism, feelings, totalitarianism, dictatorship, dreams, ideals, youth, history, memory, memories"
393fe217-b760-4644-8172-e01e88f5fda5,"free browsing, childhood, daily life, communism, system, totalitarianism, dictatorship"
a7b996b7-e066-4016-b8cd-fa398114fa3b,"free browsing, travelling workshop, transition, democracy, economy, money, freedom, travel, social security, abroad, migration"
07681247-08d0-4a1e-acf1-d84ca4f3cf96,"free browsing, transition, democracy, communism, capitalism, choice, travelling workshop"
dac81da3-c70d-4735-91a2-80d2e80f7543,"free browsing, transition, system, education, history, propaganda, childhood, memories"
291266b2-8570-4c80-be49-f977b8c55239,"free browsing, transition, system, education, history, propaganda, childhood, memories"
f13b1aa7-1b85-4ac4-b656-b294641ef96b,"free browsing, transition, capitalism, work, social security, money, system, daily life"
5d808bf8-096a-4eb9-90da-6dd515583d6f,"free browsing, communism, system, family, childhood, abroad, daily life, peace, memories, safety"
55dfb8e9-4cc2-47d3-9b1c-48269d50dfaa,"free browsing, travelling workshop, resistance, violence, memories, dictatorship"
72078617-bba5-4871-b289-70e4502ad539,"free browsing, travelling workshop, democracy, choice, ideals, accountability, rule of law"
8e2b2286-a9bd-4f13-b150-a2013fa659b0,"free browsing, travelling workshop, democracy, elections, participation, resistance, housing, work, social security, disappointment, feelings, expectations, freedom, capitalism, economy, solidarity"
64087f65-a0f0-4aad-af64-fab644ee9808,"free browsing, travelling workshop, democracy, elections, leaders, freedom, responsibility, accountability"
104480ce-00c2-4e94-b6b6-0fac88516d31,"free browsing, travelling workshop, democracy, elections, resistance, leaders, responsibility, accountability, oppression, violence, media, disappointment, inequality, rule of law"
2e1a76ab-3adc-4089-95d7-63340f983954,"free browsing, travelling workshop, democracy, disappointment, elections, human rights, media, leaders"
e9deace0-555e-4011-a45b-5d81f1054b40,"free browsing, travelling workshop, war, peace, fairness, economy, inequality, capitalism, youth"
f5f3778c-76c3-46b5-ac6f-d88b0feb21aa,"free browsing, ideals, family, politicisation, communism, history"
28e06b5a-d454-410a-86e4-43b317c4a26e,"free browsing, system, dictatorship, resistance, friends, abroad, communism, ideals, capitalism, leaders, corruption, freedom, history, clientelism"
4ad98e79-1739-4165-ac39-ce63f4843554,"free browsing, system, dictatorship, resistance, friends, abroad, communism, ideals, capitalism, leaders, corruption, freedom, history, clientelism"
ac596ac0-911c-4eed-92c6-5d220bcb4447,"free browsing, abroad, travel, system, democracy, dictatorship, resistance, freedom, participation"
5641f4c9-209b-4783-9289-66fb500444a1,"free browsing, youth, participation, democracy, politicisation"
f612c1c8-274a-4f86-8eba-94a6ee047a7f,"democracy, elections, leaders, inequality, economy, ideals, media, responsibility, accountability"
054cc997-0abb-4060-8475-cfb085ac6456,"free browsing, media, democracy, memories, freedom, capitalism, human rights, feelings, disappointment"
332a6422-2e36-4253-b0df-52526ecda033,"free browsing, ideals, economy, society, war, education, history"
b50cd51f-4012-4017-9ca8-2311c657021e,"free browsing, family, education, dictatorship, system, childhood, youth, religion, fascism"
cac0ec73-421a-4cce-aedf-a0c19984fc9a,"free browsing, family, resistance, humour, totalitarianism, fascism, dictatorship, system, friends, childhood, youth, daily life, fear"
3c58d009-5fb1-43fc-baad-45aad0297ac0,"free browsing, fascism, dictatorship, totalitarianism, system, resistance, youth, society, courage, safety, humour, prison, feelings"
7ca43298-8b2a-4564-b23c-904f6a698a4d,"free browsing, democracy, system, capitalism, inequality, disappointment, history"
d4df512d-becf-4d80-8a80-6c57cbfe19c8,"free browsing, democracy, system, capitalism, freedom, resistance, society, work, ideals, values, dreams, disappointment, choice"
d0293d3c-3257-4bcd-af2e-3960e98809f8,"free browsing, youth, democracy, ideals, corruption, participation, elections, dreams"
df67e3e8-6dd2-4b89-ba90-c1bf981dcd0e,"free browsing, democracy, elections, resistance, economy, social security, corruption, leaders, system, responsibility, accountability, rule of law, capitalism, communism, housing, work, anger"
82cb935a-20f5-4d7f-8e60-782c192a6929,"free browsing, family, education, fear, violence, abroad, system, dictatorship, totalitarianism, childhood, friends, prison"
5c349b0a-6e2b-4359-8aad-f61d335039b2,"free browsing, democracy, system, dictatorship, ideals"
ee67f9be-c055-4ded-b372-6b86e73eaebd,"free browsing, childhood, system, dictatorship, resistance, abroad, daily life, family, education, expectations, fascism"
5f51838d-b08a-4ebb-867a-153d0e57053f,"free browsing, abroad, travel, system, democracy, dictatorship, resistance, communism"
3985354b-3c23-423e-a8ed-32dbc59484a2,"free browsing, elections, system, democracy, transition, freedom, dictatorship, fascism, disappointment"
553e711c-d8af-47ce-a927-7153f5f155a7,"free browsing, leaders, values, economy, society, inequality, capitalism, democracy, ideals"
779f9996-029a-4d69-871a-461972f4e7b2,"free browsing, fascism, democracy, history, system"
93ceb989-1d17-4b4e-83fc-3b4ea0f0e2a4,"free browsing, totalitarianism, dictatorship, fascism, system, resistance, youth, courage, repression, violence, memories"
7bd512b3-269f-49de-b359-0f64516acfa3,"free browsing, war, democracy, leaders, system, colonialism, communism"
f26318bf-d5d7-4f20-91b4-494c9836cdbb,"free browsing, travelling workshop, dictatorship, democracy, family, transition, ideals, capitalism, system, solidarity, fascism"
dbed72c3-7fbe-439d-b9a0-1fd53716ddeb,"free browsing, travelling workshop, youth, education, leisure, capitalism, values, participation, society, democracy"
00940c0d-3bac-4ebb-9c5a-e0914fdb1326,"free browsing, democracy, resistance, ideals, participation, family, youth, expectations, disappointment, feelings, travelling workshop"
245d59ee-3dbd-4fcf-8225-57d42d4ea238,"free browsing, resistance, youth, participation, democracy, money, capitalism, accountability, responsibility, leisure, solidarity, ideals, family, work, daily life, choice, travelling workshop"
92328743-6327-4aa4-97c3-cb1901dfe331,"free browsing, resistance, youth, participation, democracy, money, capitalism, accountability, responsibility, leisure, solidarity, ideals, family, work, choice, daily life"
3f2772fb-9d24-4c0d-b94d-ee889cd8cbfe,"free browsing, education, values, system, capitalism, work, leisure, memories, family, freedom, choice, youth, abroad, travel"
4a40a08d-b531-4227-b73d-1c34ed6c7c73,"free browsing, childhood, migration, politicisation, dictatorship, fear, memories, communism, ideals, family"
a9d7f98c-d57d-41c7-be96-b29384dc5dc9,"free browsing, childhood, family, war, communism, dictatorship, discrimination"
ef2cd67e-1415-4211-a0cb-c27fcd0e5f51,"free browsing, democracy, capitalism, system, disappointment, economy, money, work, expectations, social security, fairness, feelings"